ball	bank	pin_func
A20	35	IO_L2N_T0_AD8N_35
H16	35	IO_L13P_T2_MRCC_35
B19	35	IO_L2P_T0_AD8P_35
B20	35	IO_L1N_T0_AD0N_35
C20	35	IO_L1P_T0_AD0P_35
H17	35	IO_L13N_T2_MRCC_35
D20	35	IO_L4N_T0_35
D18	35	IO_L3N_T0_DQS_AD1N_35
H18	35	IO_L14N_T2_AD4N_SRCC_35
D19	35	IO_L4P_T0_35
F20	35	IO_L15N_T2_DQS_AD12N_35
E19	35	IO_L5N_T0_AD9N_35
F19	35	IO_L15P_T2_DQS_AD12P_35
K17	35	IO_L12P_T1_MRCC_35
G20	35	IO_L18N_T2_AD13N_35
J18	35	IO_L14P_T2_AD4P_SRCC_35
G19	35	IO_L18P_T2_AD13P_35
H20	35	IO_L17N_T2_AD5N_35
J19	35	IO_L10N_T1_AD11N_35
K18	35	IO_L12N_T1_MRCC_35
K19	35	IO_L10P_T1_AD11P_35
J20	35	IO_L17P_T2_AD5P_35
L16	35	IO_L11P_T1_SRCC_35
L19	35	IO_L9P_T1_DQS_AD3P_35
M18	35	IO_L8N_T1_AD10N_35
L20	35	IO_L9N_T1_DQS_AD3N_35
M20	35	IO_L7N_T1_AD2N_35
L17	35	IO_L11N_T1_SRCC_35
M19	35	IO_L7P_T1_AD2P_35
N20	34	IO_L14P_T2_SRCC_34
P18	34	IO_L23N_T3_34
M17	35	IO_L8P_T1_AD10P_35
N17	34	IO_L23P_T3_34
P20	34	IO_L14N_T2_SRCC_34
R19	34	IO_0_34
R18	34	IO_L20N_T3_34
T20	34	IO_L15P_T2_DQS_34
P19	34	IO_L13N_T2_MRCC_34
T19	34	IO_25_34
U20	34	IO_L15N_T2_DQS_34
U19	34	IO_L12N_T1_MRCC_34
V20	34	IO_L16P_T2_34
N18	34	IO_L13P_T2_MRCC_34
F9	0	TCK_0
G6	0	TDI_0
F6	0	TDO_0
J6	0	TMS_0
