port	ball	bank	standard	status
serial_data[15]	J18	35	LVCMOS33	PASS_SCHEMA_NOMINAL_3V3
serial_data[14]	G20	35	LVCMOS33	PASS_SCHEMA_NOMINAL_3V3
serial_data[13]	K17	35	LVCMOS33	PASS_SCHEMA_NOMINAL_3V3
serial_data[12]	F19	35	LVCMOS33	PASS_SCHEMA_NOMINAL_3V3
serial_data[11]	E19	35	LVCMOS33	PASS_SCHEMA_NOMINAL_3V3
serial_data[10]	F20	35	LVCMOS33	PASS_SCHEMA_NOMINAL_3V3
serial_data[9]	D19	35	LVCMOS33	PASS_SCHEMA_NOMINAL_3V3
serial_data[8]	H18	35	LVCMOS33	PASS_SCHEMA_NOMINAL_3V3
serial_data[7]	D18	35	LVCMOS33	PASS_SCHEMA_NOMINAL_3V3
serial_data[6]	D20	35	LVCMOS33	PASS_SCHEMA_NOMINAL_3V3
serial_data[5]	H17	35	LVCMOS33	PASS_SCHEMA_NOMINAL_3V3
serial_data[4]	C20	35	LVCMOS33	PASS_SCHEMA_NOMINAL_3V3
serial_data[3]	B20	35	LVCMOS33	PASS_SCHEMA_NOMINAL_3V3
serial_data[2]	B19	35	LVCMOS33	PASS_SCHEMA_NOMINAL_3V3
serial_data[1]	H16	35	LVCMOS33	PASS_SCHEMA_NOMINAL_3V3
serial_data[0]	A20	35	LVCMOS33	PASS_SCHEMA_NOMINAL_3V3
shift_clock	H20	35	LVCMOS33	PASS_SCHEMA_NOMINAL_3V3
latch_clock	J20	35	LVCMOS33	PASS_SCHEMA_NOMINAL_3V3
output_disable	L19	35	LVCMOS33	PASS_SCHEMA_NOMINAL_3V3
