role	port	ball	bank	pin_func	iostandard	drive	slew	result
master	serial_data[0]	A20	35	IO_L2N_T0_AD8N_35	LVCMOS33	4	SLOW	PASS
master	serial_data[1]	H16	35	IO_L13P_T2_MRCC_35	LVCMOS33	4	SLOW	PASS
master	serial_data[2]	B19	35	IO_L2P_T0_AD8P_35	LVCMOS33	4	SLOW	PASS
master	serial_data[3]	B20	35	IO_L1N_T0_AD0N_35	LVCMOS33	4	SLOW	PASS
master	serial_data[4]	C20	35	IO_L1P_T0_AD0P_35	LVCMOS33	4	SLOW	PASS
master	serial_data[5]	H17	35	IO_L13N_T2_MRCC_35	LVCMOS33	4	SLOW	PASS
master	serial_data[6]	D20	35	IO_L4N_T0_35	LVCMOS33	4	SLOW	PASS
master	serial_data[7]	D18	35	IO_L3N_T0_DQS_AD1N_35	LVCMOS33	4	SLOW	PASS
master	serial_data[8]	H18	35	IO_L14N_T2_AD4N_SRCC_35	LVCMOS33	4	SLOW	PASS
master	serial_data[9]	D19	35	IO_L4P_T0_35	LVCMOS33	4	SLOW	PASS
master	serial_data[10]	F20	35	IO_L15N_T2_DQS_AD12N_35	LVCMOS33	4	SLOW	PASS
master	serial_data[11]	E19	35	IO_L5N_T0_AD9N_35	LVCMOS33	4	SLOW	PASS
master	serial_data[12]	F19	35	IO_L15P_T2_DQS_AD12P_35	LVCMOS33	4	SLOW	PASS
master	serial_data[13]	K17	35	IO_L12P_T1_MRCC_35	LVCMOS33	4	SLOW	PASS
master	serial_data[14]	G20	35	IO_L18N_T2_AD13N_35	LVCMOS33	4	SLOW	PASS
master	serial_data[15]	J18	35	IO_L14P_T2_AD4P_SRCC_35	LVCMOS33	4	SLOW	PASS
master	shift_clock	H20	35	IO_L17N_T2_AD5N_35	LVCMOS33	4	SLOW	PASS
master	latch_clock	J20	35	IO_L17P_T2_AD5P_35	LVCMOS33	4	SLOW	PASS
master	output_disable	L19	35	IO_L9P_T1_DQS_AD3P_35	LVCMOS33	4	SLOW	PASS
slave	serial_data[0]	A20	35	IO_L2N_T0_AD8N_35	LVCMOS33	4	SLOW	PASS
slave	serial_data[1]	H16	35	IO_L13P_T2_MRCC_35	LVCMOS33	4	SLOW	PASS
slave	serial_data[2]	B19	35	IO_L2P_T0_AD8P_35	LVCMOS33	4	SLOW	PASS
slave	serial_data[3]	B20	35	IO_L1N_T0_AD0N_35	LVCMOS33	4	SLOW	PASS
slave	serial_data[4]	C20	35	IO_L1P_T0_AD0P_35	LVCMOS33	4	SLOW	PASS
slave	serial_data[5]	H17	35	IO_L13N_T2_MRCC_35	LVCMOS33	4	SLOW	PASS
slave	serial_data[6]	D20	35	IO_L4N_T0_35	LVCMOS33	4	SLOW	PASS
slave	serial_data[7]	D18	35	IO_L3N_T0_DQS_AD1N_35	LVCMOS33	4	SLOW	PASS
slave	serial_data[8]	H18	35	IO_L14N_T2_AD4N_SRCC_35	LVCMOS33	4	SLOW	PASS
slave	serial_data[9]	D19	35	IO_L4P_T0_35	LVCMOS33	4	SLOW	PASS
slave	serial_data[10]	F20	35	IO_L15N_T2_DQS_AD12N_35	LVCMOS33	4	SLOW	PASS
slave	serial_data[11]	E19	35	IO_L5N_T0_AD9N_35	LVCMOS33	4	SLOW	PASS
slave	serial_data[12]	F19	35	IO_L15P_T2_DQS_AD12P_35	LVCMOS33	4	SLOW	PASS
slave	serial_data[13]	K17	35	IO_L12P_T1_MRCC_35	LVCMOS33	4	SLOW	PASS
slave	serial_data[14]	G20	35	IO_L18N_T2_AD13N_35	LVCMOS33	4	SLOW	PASS
slave	serial_data[15]	J18	35	IO_L14P_T2_AD4P_SRCC_35	LVCMOS33	4	SLOW	PASS
slave	shift_clock	H20	35	IO_L17N_T2_AD5N_35	LVCMOS33	4	SLOW	PASS
slave	latch_clock	J20	35	IO_L17P_T2_AD5P_35	LVCMOS33	4	SLOW	PASS
slave	output_disable	L19	35	IO_L9P_T1_DQS_AD3P_35	LVCMOS33	4	SLOW	PASS
